--
-- Datos de Tecnicos
--

INSERT INTO public.accounts_technical (
    created_at, updated_at, id_user_created, id_user_updated, id, date_joined,
    first_name, last_name, email, work_area, dni, nro_phone, birth_date,
    license_issue_date, license_expiry_date,
    defensive_driving_certificate_issue_date, defensive_driving_certificate_expiry_date,
    mae_certificate_issue_date, mae_certificate_expiry_date,
    medical_certificate_issue_date, medical_certificate_expiry_date,
    is_iess_affiliated, has_life_insurance_policy,
    quest_ncst_code, quest_instructor, quest_start_date, quest_end_date,
    notes, is_active, is_deleted
) VALUES
('2025-09-14 19:04:08.696918+00','2025-09-15 19:45:40.638949+00',2,2,14,'2025-08-21','NIXON ARTURO','PONCE MACIAS','napm.barce.35@gmail.com','MAINTENANCE_LOGISTICS','1724255169','0939797174','1989-04-10','2023-01-13','2028-01-12','2025-09-10','2026-09-10',NULL,NULL,NULL,NULL,true,false,NULL,NULL,NULL,NULL,NULL,true,false),
('2025-09-14 15:57:34.892194+00','2025-09-15 20:15:33.694921+00',2,2,5,'2024-11-27','MARYURI STEFANY','ALVAREZ CHONGO','maryiss0666@gmail.com','SUPERVISOR','2101074553','0999199865','1995-06-06','2023-01-06','2028-01-05','2025-02-03','2026-02-03',NULL,NULL,NULL,NULL,true,false,'20230601150022','DIEGO INGA',NULL,NULL,NULL,true,false),
('2025-09-13 14:21:26.363671+00','2025-09-13 21:22:48.851212+00',2,2,2,'2018-07-13','XAVIER AGUSTIN','JUMBO MORENO','xavierjumbom1988@gamil.com','SANITARY_TECHNICIAN','2100417480','0939458478','1980-08-28','2025-01-15','2030-01-14','2024-06-13','2026-06-13','2025-04-04','2027-04-07','2025-07-02','2026-07-02',true,true,'20221204211147','Guillermo Acurio',NULL,NULL,NULL,true,false),
('2025-09-14 17:01:04.709812+00','2025-09-15 20:23:42.626585+00',2,2,7,NULL,'FAUSTO EDIXON','PORTILLA LEITON','edixonportilla93@gmail.com','ASSISTANT','1757630882','0988548260','1993-10-30',NULL,NULL,NULL,NULL,NULL,NULL,'2025-06-19','2026-06-19',true,true,'20250327020451','Guillermo Acurio',NULL,NULL,NULL,true,false),
('2025-09-14 19:06:04.732569+00','2025-09-15 20:29:06.363054+00',2,2,15,'2025-08-18','GEMA VALERIA','CARRANZA PEÑARRIETA','valeria.carranza98@gmail.com','SUPERVISOR','1313725218','0967815000','1998-10-23','2024-10-30','2029-10-29',NULL,NULL,NULL,NULL,NULL,NULL,true,false,NULL,NULL,NULL,NULL,NULL,true,false),
('2025-08-14 20:39:23.080953+00','2025-09-14 13:33:31.459042+00',2,2,1,'2025-04-23','WASHINGTON EDUARDO','PATIÑO MACIAS','eduardopatino532@gmail.com','SANITARY_TECHNICIAN','1308603735','0999391141','1978-10-09','2023-01-11','2028-01-10','2025-04-22','2027-04-22',NULL,NULL,'2025-06-22','2026-06-22',true,true,'202503270202451','Guillermo Acurio','2025-03-25','2025-03-27',NULL,true,false),
('2025-09-13 21:53:37.464785+00','2025-09-14 14:42:33.935743+00',2,2,3,NULL,'ADRIAN ARIEL','TINIZARAY OROZCO','adriantinizaray27@gmail.com','SANITARY_TECHNICIAN','2101052658','0998933379','2003-10-27','2023-11-10','2026-11-08','2025-07-22','2027-07-22',NULL,NULL,'2025-06-10','2026-06-10',true,true,'20250625185240','DIEGO INGA-EDUARDO SANGOQUIZA','2025-06-22','2025-06-24',NULL,true,false),
('2025-09-14 17:13:04.319845+00','2025-09-14 17:13:11.737669+00',2,2,9,NULL,'JINSON ADRIAN','CEDEÑO GARCIA',NULL,'PLANT_PROJECTS','2101112353','0962353261',NULL,NULL,NULL,NULL,NULL,NULL,NULL,NULL,NULL,true,false,NULL,NULL,NULL,NULL,NULL,true,false),
('2025-09-14 19:00:24.28949+00','2025-09-14 19:00:24.289544+00',2,2,13,'2024-10-01','BLANCA ROMI','RUEDA TORRES','romiblanca@gmail.com','SUPERVISOR','2100231964','099168552','1978-10-19',NULL,NULL,NULL,NULL,NULL,NULL,NULL,NULL,false,false,NULL,NULL,NULL,NULL,NULL,true,false),
('2025-09-14 17:18:19.587869+00','2025-09-16 14:15:32.808263+00',2,2,10,NULL,'NEYSER FERNEY','PAPA MAMALLACTA',NULL,'ASSISTANT','2100833736','0969120336','2003-09-10','2025-03-21','2030-03-20',NULL,NULL,NULL,NULL,NULL,NULL,true,true,NULL,NULL,NULL,NULL,NULL,true,false),
('2025-09-14 17:03:57.045825+00','2025-09-16 14:20:58.114269+00',2,2,8,NULL,'SAUL ALEJANDRO','LICUY YUMBO','saullicuy4@gmail.com','PLANT_PROJECTS','2200531131','0996358998','1994-05-10',NULL,NULL,NULL,NULL,NULL,NULL,NULL,NULL,true,true,'20250327020451','Guillermo Acurio',NULL,NULL,NULL,true,false),
('2025-09-13 22:21:26.282755+00','2025-09-16 14:25:56.260058+00',2,2,4,NULL,'EDGAR ROBINSON','ORDOÑEZ BASTIDAS','edgar_leo85@hotmail.com','SANITARY_TECHNICIAN','2100354485','0991493676','1985-07-26','2022-05-30','2027-05-29','2025-06-16','2027-06-16',NULL,NULL,'2025-06-27','2026-06-27',true,true,'20250625185240','Guillermo Acurio',NULL,NULL,NULL,true,false),
('2025-09-14 17:21:49.166042+00','2025-09-16 15:58:58.285314+00',2,2,11,NULL,'JUAN JOSE','UNUP YUMA','juanunup1986@gmail.com','PLANT_PROJECTS','2100403555','0989017942','1986-05-15',NULL,NULL,NULL,NULL,NULL,NULL,'2025-04-04','2026-04-04',true,true,'20250410145249','Guillermo Acurio',NULL,NULL,NULL,true,false),
('2025-09-14 16:59:10.523699+00','2025-09-16 16:02:55.28384+00',2,2,6,NULL,'SERGIO ALONSO','VERDEZOTO ILLAPA','sergioverdesoto4@gmail.com','MAINTENANCE_LOGISTICS','0201302692','0999358825','1981-11-15','2024-12-19','2029-12-18',NULL,NULL,NULL,NULL,NULL,NULL,true,true,'20250327020451','Guillermo Acurio',NULL,NULL,NULL,true,false),
('2025-09-14 17:32:31.962649+00','2025-09-16 23:14:11.715275+00',2,2,12,NULL,'JOSE LUIS','VERDEZOTO BARRAGAN','jverdezoto.soes@gmail.com','SANITARY_TECHNICIAN','0603783713','0961469132','1987-07-20','2021-01-14','2026-01-13','2025-06-01','2026-06-01',NULL,NULL,NULL,NULL,true,true,NULL,NULL,NULL,NULL,NULL,true,false),
('2025-09-15 16:12:04.338422+00','2025-09-17 01:59:49.145715+00',2,8,16,'2017-06-01','JUAN GABRIEL','VERDEZOTO BARRAGAN','juan.verdezoto@peisol.com.ec','SUPERVISOR','0603783697','0991389141','1988-02-20','2021-03-11','2026-03-10',NULL,NULL,NULL,NULL,NULL,NULL,true,true,'20220605170129','Guillermo Acurio',NULL,NULL,NULL,true,false);


--
-- Registro de bvacunas
--

INSERT INTO public.accounts_vaccinationrecord (
    created_at, updated_at, is_active,
     id_user_created, id_user_updated, id, vaccine_type, batch_number, application_date, dose_number, next_dose_date, notes,
      technical_id,is_deleted
) VALUES
    ('2025-08-14 20:58:46.843329+00', '2025-08-14 21:02:01.558276+00', false, 2, 2, 2, 'HEPATITIS_A_B', 'AHABB463AA', '2025-02-28', 3, '2025-02-28', NULL, 1,false),
    ('2025-08-14 20:53:29.607312+00', '2025-08-14 21:02:04.859774+00', false, 2, 2, 1, 'HEPATITIS_A_B', 'AHABB463AA', '2024-09-27', 2, '2024-09-27', NULL, 1,false),
    ('2025-08-14 21:01:24.484881+00', '2025-08-14 21:02:07.656176+00', false, 2, 2, 3, 'HEPATITIS_A_B', 'AHABB463AA', '2024-08-26', 1, '2024-08-28', NULL, 1,false),
    ('2025-08-14 21:02:57.816533+00', '2025-08-14 21:02:57.816558+00', true, 2, 2, 4, 'HEPATITIS_A_B', 'AHABB463AA', '2024-08-26', 1, '2024-08-26', NULL, 1,false),
    ('2025-08-14 21:03:33.932867+00', '2025-08-14 21:03:33.932891+00', true, 2, 2, 5, 'HEPATITIS_A_B', 'AHABB463AA', '2024-09-27', 2, '2024-09-27', NULL, 1,false),
    ('2025-08-14 21:04:13.683125+00', '2025-08-14 21:04:13.683142+00', true, 2, 2, 6, 'HEPATITIS_A_B', 'AHABB463AA', '2025-02-28', 3, '2025-02-28', NULL, 1,false),
    ('2025-08-14 21:07:05.548105+00', '2025-08-14 21:07:05.548131+00', true, 2, 2, 7, 'YELLOW_FEVER', 'X3A89IV', '2024-08-19', 1, '2024-08-19', NULL, 1,false),
    ('2025-09-13 15:33:04.573855+00', '2025-09-13 15:33:04.573876+00', true, 2, 2, 8, 'YELLOW_FEVER', 'M5578', '2015-04-28', 1, NULL, 'UNICA DOSIS', 2,false),
    ('2025-09-13 15:40:06.627943+00', '2025-09-13 15:43:15.343855+00', false, 2, 2, 9, 'INFLUENZA', 'X2A47', '2025-05-08', 1, NULL, NULL, 2,false),
    ('2025-09-13 15:43:59.38914+00', '2025-09-13 15:43:59.389159+00', true, 2, 2, 10, 'TYPHOID', 'X2A47', '2025-05-08', 1, '2028-05-08', NULL, 2,false),
    ('2025-09-13 15:46:06.554055+00', '2025-09-13 15:46:06.554081+00', true, 2, 2, 11, 'MEASLES', NULL, '2024-03-11', 1, NULL, 'unica dosis', 2,false),
    ('2025-09-13 15:55:20.599063+00', '2025-09-13 15:55:20.599186+00', true, 2, 2, 12, 'COVID', 'NF0008', '2021-06-15', 1, NULL, NULL, 2,false),
    ('2025-09-13 15:55:59.696058+00', '2025-09-13 15:55:59.696081+00', true, 2, 2, 13, 'COVID', '77786', '2021-08-27', 2, NULL, NULL, 2,false),
    ('2025-09-13 16:19:13.373264+00', '2025-09-13 16:19:13.373289+00', true, 2, 2, 14, 'HEPATITIS_A_B', 'AHABB360AF', '2017-02-04', 1, NULL, NULL, 2,false),
    ('2025-09-13 16:19:55.942794+00', '2025-09-13 16:19:55.942812+00', true, 2, 2, 15, 'HEPATITIS_A_B', 'AHABB360AF', '2017-06-15', 2, NULL, NULL, 2,false);


--
-- Pases de tecnicos
--
INSERT INTO public.accounts_passtechnical (
    notes, created_at, updated_at, is_active, id_user_created, id_user_updated, id, bloque, fecha_caducidad, technical_id, is_deleted
) VALUES
    (NULL, '2025-08-14 20:44:50.294726+00', '2025-08-14 20:45:10.44106+00', true, 2, 2, 1, 'shaya', '2027-04-25', 1,false),
    (NULL, '2025-08-14 20:47:12.413263+00', '2025-08-14 20:47:12.413281+00', true, 2, 2, 2, 'andes_petroleum', '2026-06-30', 1,false),
    (NULL, '2025-08-14 20:48:46.286943+00', '2025-08-14 20:48:46.286959+00', true, 2, 2, 3, 'frontera_energy', '2026-05-02', 1,false),
    (NULL, '2025-08-14 20:50:55.96907+00', '2025-08-14 20:50:55.969093+00', true, 2, 2, 4, 'gran_tierra', '2026-04-23', 1,false),
    (NULL, '2025-09-13 14:56:50.909472+00', '2025-09-13 14:56:50.90949+00', true, 2, 2, 5, 'petroecuador', '2026-03-06', 2,false),
    (NULL, '2025-09-13 15:13:35.918991+00', '2025-09-13 15:13:35.91901+00', true, 2, 2, 6, 'shaya', '2026-10-01', 2,false),
    (NULL, '2025-09-13 15:13:58.562625+00', '2025-09-13 15:13:58.562644+00', true, 2, 2, 7, 'andes_petroleum', '2026-06-01', 2,false),
    (NULL, '2025-09-13 15:14:26.592255+00', '2025-09-13 15:14:26.59228+00', true, 2, 2, 8, 'consorcio_shushufindi', '2027-02-14', 2,false),
    (NULL, '2025-09-13 15:14:45.099899+00', '2025-09-13 15:14:45.099944+00', true, 2, 2, 9, 'gran_tierra', '2026-04-23', 2,false),
    (NULL, '2025-09-13 15:15:12.682877+00', '2025-09-13 15:15:12.682901+00', true, 2, 2, 10, 'orion', '2026-08-10', 2,false),
    (NULL, '2025-09-13 21:54:51.000669+00', '2025-09-13 21:54:51.000691+00', true, 2, 2, 11, 'gran_tierra', '2026-06-05', 3,false),
    (NULL, '2025-09-13 21:57:42.694952+00', '2025-09-13 21:57:56.706589+00', true, 2, 2, 12, 'consorcio_shushufindi', '2027-06-24', 3,false),
    (NULL, '2025-09-13 22:17:09.337725+00', '2025-09-13 22:17:09.337741+00', true, 2, 2, 13, 'orion', '2026-06-18', 3,false),
    (NULL, '2025-09-13 22:17:33.341251+00', '2025-09-13 22:17:33.341271+00', true, 2, 2, 14, 'pcr', '2026-07-31', 3,false),
    (NULL, '2025-09-14 13:35:05.224498+00', '2025-09-14 13:35:05.224555+00', true, 2, 2, 15, 'pcr', '2026-08-30', 1,false),
    (NULL, '2025-09-14 13:35:53.916133+00', '2025-09-14 13:35:53.91615+00', true, 2, 2, 16, 'gente_oil', '2026-08-19', 1,false),
    (NULL, '2025-09-14 13:37:13.185343+00', '2025-09-14 13:37:13.185361+00', true, 2, 2, 17, 'pardalis_services', '2026-04-24', 1,false),
    (NULL, '2025-09-14 14:29:47.218405+00', '2025-09-14 14:29:47.218429+00', true, 2, 2, 18, 'petroecuador', '2026-08-22', 4,false),
    (NULL, '2025-09-14 14:33:09.569749+00', '2025-09-14 14:33:09.569773+00', true, 2, 2, 19, 'shaya', '2027-07-06', 4,false),
    (NULL, '2025-09-14 14:38:06.440119+00', '2025-09-14 14:38:06.440139+00', true, 2, 2, 20, 'consorcio_shushufindi', '2027-06-24', 4,false),
    (NULL, '2025-09-14 14:38:28.376569+00', '2025-09-14 14:38:28.376595+00', true, 2, 2, 21, 'gran_tierra', '2026-06-12', 4,false),
    (NULL, '2025-09-14 14:41:37.267063+00', '2025-09-14 14:41:37.26708+00', true, 2, 2, 22, 'orion', '2026-06-11', 4,false),
    (NULL, '2025-09-15 16:12:56.78298+00', '2025-09-15 16:12:56.782997+00', true, 2, 2, 23, 'consorcio_shushufindi', '2026-09-10', 16,false),
    (NULL, '2025-09-15 16:13:18.670892+00', '2025-09-15 16:13:18.670911+00', true, 2, 2, 24, 'gran_tierra', '2026-06-05', 16,false),
    (NULL, '2025-09-15 16:13:47.281029+00', '2025-09-15 16:13:47.281049+00', true, 2, 2, 25, 'pardalis_services', '2025-10-19', 16,false),
    (NULL, '2025-09-15 16:15:20.318736+00', '2025-09-15 16:15:20.318765+00', true, 2, 2, 26, 'shaya', '2027-03-29', 16,false),
    (NULL, '2025-09-15 16:18:50.497406+00', '2025-09-15 16:18:50.497425+00', true, 2, 2, 27, 'pcr', '2025-12-31', 16,false),
    (NULL, '2025-09-15 17:27:32.36956+00', '2025-09-15 17:27:32.369578+00', true, 2, 2, 28, 'gente_oil', '2026-09-08', 14,false),
    (NULL, '2025-09-15 17:28:05.21947+00', '2025-09-15 17:28:05.219499+00', true, 2, 2, 29, 'gran_tierra', '2026-09-03', 14,false),
    (NULL, '2025-09-15 17:28:43.479506+00', '2025-09-15 17:28:43.479534+00', true, 2, 2, 30, 'pcr', '2026-09-30', 14,false),
    (NULL, '2025-09-15 17:35:45.854364+00', '2025-09-15 17:35:45.854389+00', true, 2, 2, 31, 'shaya', '2027-04-25', 7,false),
    (NULL, '2025-09-15 17:36:06.651585+00', '2025-09-15 17:36:06.651604+00', true, 2, 2, 32, 'consorcio_shushufindi', '2027-06-24', 7,false),
    (NULL, '2025-09-15 20:15:56.775012+00', '2025-09-15 20:17:07.775603+00', true, 2, 2, 33, 'consorcio_shushufindi', '2027-06-24', 5,false),
    (NULL, '2025-09-15 20:17:27.765293+00', '2025-09-15 20:17:27.765312+00', true, 2, 2, 34, 'shaya', '2027-03-29', 5,false),
    (NULL, '2025-09-15 20:17:50.799336+00', '2025-09-15 20:17:50.79936+00', true, 2, 2, 35, 'gran_tierra', '2026-06-19', 5,false),
    (NULL, '2025-09-15 20:18:07.47336+00', '2025-09-15 20:18:18.234045+00', true, 2, 2, 36, 'pardalis_services', '2026-04-24', 5,false),
    (NULL, '2025-09-15 20:18:37.136619+00', '2025-09-15 20:18:37.136643+00', true, 2, 2, 37, 'pcr', '2025-12-31', 5,false),
    (NULL, '2025-09-15 20:52:57.997627+00', '2025-09-15 20:52:57.99765+00', true, 2, 2, 38, 'petroecuador', '2025-10-30', 16,false),
    (NULL, '2025-09-15 21:37:02.689521+00', '2025-09-15 21:37:16.751553+00', true, 2, 2, 39, 'consorcio_shushufindi', '2026-02-06', 11,false),
    (NULL, '2025-09-15 21:38:10.372139+00', '2025-09-15 21:38:10.372164+00', true, 2, 2, 40, 'petroecuador', '2026-04-07', 11,false),
    (NULL, '2025-09-15 21:38:37.335921+00', '2025-09-15 21:38:37.335945+00', true, 2, 2, 41, 'gran_tierra', '2026-04-25', 11,false),
    (NULL, '2025-09-16 14:16:24.307766+00', '2025-09-16 14:16:24.307843+00', true, 2, 2, 42, 'pcr', '2025-09-30', 10,false),
    (NULL, '2025-09-16 14:20:01.204468+00', '2025-09-16 14:20:01.204495+00', true, 2, 2, 43, 'gran_tierra', '2026-03-14', 8,false),
    (NULL, '2025-09-16 14:20:25.444053+00', '2025-09-16 14:20:25.444076+00', true, 2, 2, 44, 'shaya', '2027-04-25', 8,false),
    (NULL, '2025-09-16 14:21:14.018545+00', '2025-09-16 14:21:14.018569+00', true, 2, 2, 45, 'pcr', '2025-12-31', 8,false),
    (NULL, '2025-09-16 14:21:38.786888+00', '2025-09-16 14:21:38.786911+00', true, 2, 2, 46, 'enap_sipec', '2025-09-30', 8,false),
    (NULL, '2025-09-16 15:59:18.002606+00', '2025-09-16 15:59:18.00263+00', true, 2, 2, 47, 'shaya', '2027-04-12', 11,false),
    (NULL, '2025-09-16 16:01:14.20995+00', '2025-09-16 16:01:14.209971+00', true, 2, 2, 48, 'gente_oil', '2026-08-19', 6,false),
    (NULL, '2025-09-16 16:01:57.963621+00', '2025-09-16 16:01:57.963641+00', true, 2, 2, 49, 'pardalis_services', '2026-04-24', 6,false),
    (NULL, '2025-09-16 16:02:18.445465+00', '2025-09-16 16:02:18.445488+00', true, 2, 2, 50, 'shaya', '2027-04-25', 6,false),
    (NULL, '2025-09-16 23:12:08.554396+00', '2025-09-16 23:12:08.554421+00', true, 2, 2, 51, 'petroecuador', '2025-10-22', 12,false);



-- 
-- historicos de trecnicos
--
INSERT INTO public.accounts_historicaltechnical (
    created_at, updated_at, id_user_created, id_user_updated, id, date_joined, 
    first_name, last_name, email, work_area, dni, nro_phone, birth_date, license_issue_date, license_expiry_date, defensive_driving_certificate_issue_date,
     defensive_driving_certificate_expiry_date, mae_certificate_issue_date, mae_certificate_expiry_date, medical_certificate_issue_date, 
     medical_certificate_expiry_date, is_iess_affiliated, has_life_insurance_policy, quest_ncst_code, quest_instructor, quest_start_date,
      quest_end_date, notes, is_active, history_id, history_date, history_change_reason, history_type, history_user_id, is_deleted
) VALUES
    ('2025-08-14 20:39:23.080953+00', '2025-08-14 20:39:23.080975+00', 2, 2, 1, '2025-04-23', 'WASHINGTON EDUARDO', 'PATIÑO MACIAS', 'eduardopatino532@gmail.com', 'ASSISTANT', '1308603735', '0999391141', '1978-10-09', NULL, NULL, NULL, NULL, NULL, NULL, NULL, NULL, true, true, NULL, NULL, NULL, NULL, NULL, true, 1, '2025-08-14 20:39:23.083726+00', NULL, '+', NULL,false),
    ('2025-08-14 20:39:23.080953+00', '2025-08-14 20:44:11.603321+00', 2, 2, 1, '2025-04-23', 'WASHINGTON EDUARDO', 'PATIÑO MACIAS', 'eduardopatino532@gmail.com', 'ASSISTANT', '1308603735', '0999391141', '1978-10-09', '2023-01-11', '2028-01-10', '2025-04-22', '2027-04-22', NULL, NULL, '2025-06-22', '2026-06-22', true, true, '202503270202451', 'Guillermo Acurio', '2025-03-25', '2025-03-27', NULL, true, 2, '2025-08-14 20:44:11.605618+00', NULL, '~', NULL,false),
    ('2025-08-14 20:39:23.080953+00', '2025-08-14 20:54:21.620112+00', 2, 2, 1, '2025-04-23', 'WASHINGTON EDUARDO', 'PATIÑO MACIAS', 'eduardopatino532@gmail.com', 'ASSISTANT', '1308603735', '0999391141', '1978-10-09', '2023-01-11', '2028-01-10', '2025-04-22', '2027-04-22', NULL, NULL, '2025-06-22', '2026-06-22', true, true, '202503270202451', 'Guillermo Acurio', '2025-03-25', '2025-03-27', NULL, true, 3, '2025-08-14 20:54:21.622076+00', NULL, '~', NULL,false),
    ('2025-08-14 20:39:23.080953+00', '2025-08-15 13:27:14.736034+00', 2, 2, 1, '2025-04-23', 'WASHINGTON EDUARDO', 'PATIÑO MACIAS', 'eduardopatino532@gmail.com', 'SANITARY_TECHNICIAN', '1308603735', '0999391141', '1978-10-09', '2023-01-11', '2028-01-10', '2025-04-22', '2027-04-22', NULL, NULL, '2025-06-22', '2026-06-22', true, true, '202503270202451', 'Guillermo Acurio', '2025-03-25', '2025-03-27', NULL, true, 4, '2025-08-15 13:27:14.739739+00', NULL, '~', NULL,false),
    ('2025-09-13 14:21:26.363671+00', '2025-09-13 14:21:26.363693+00', 2, 2, 2, '2018-07-13', 'XAVIER AGUSTIN', 'JUMBO MORENO', 'xavierjumbom1988@gamil.com', 'SANITARY_TECHNICIAN', '2100417480', '0939458478', '1980-08-28', NULL, NULL, NULL, NULL, NULL, NULL, NULL, NULL, true, false, NULL, NULL, NULL, NULL, NULL, true, 5, '2025-09-13 14:21:26.369329+00', NULL, '+', NULL,false),
    ('2025-09-13 14:21:26.363671+00', '2025-09-13 14:38:01.784574+00', 2, 2, 2, '2018-07-13', 'XAVIER AGUSTIN', 'JUMBO MORENO', 'xavierjumbom1988@gamil.com', 'SANITARY_TECHNICIAN', '2100417480', '0939458478', '1980-08-28', '2025-01-15', '2030-01-14', '2024-06-13', '2026-06-13', NULL, NULL, NULL, NULL, true, false, NULL, NULL, NULL, NULL, NULL, true, 6, '2025-09-13 14:38:01.78772+00', NULL, '~', NULL,false),
    ('2025-09-13 14:21:26.363671+00', '2025-09-13 14:50:59.541419+00', 2, 2, 2, '2018-07-13', 'XAVIER AGUSTIN', 'JUMBO MORENO', 'xavierjumbom1988@gamil.com', 'SANITARY_TECHNICIAN', '2100417480', '0939458478', '1980-08-28', '2025-01-15', '2030-01-14', '2024-06-13', '2026-06-13', '2025-04-04', '2027-04-07', '2025-07-02', '2026-07-02', true, false, NULL, NULL, NULL, NULL, NULL, true, 7, '2025-09-13 14:50:59.544201+00', NULL, '~', NULL,false),
    ('2025-09-13 14:21:26.363671+00', '2025-09-13 16:29:00.558502+00', 2, 2, 2, '2018-07-13', 'XAVIER AGUSTIN', 'JUMBO MORENO', 'xavierjumbom1988@gamil.com', 'SANITARY_TECHNICIAN', '2100417480', '0939458478', '1980-08-28', '2025-01-15', '2030-01-14', '2024-06-13', '2026-06-13', '2025-04-04', '2027-04-07', '2025-07-02', '2026-07-02', true, true, NULL, NULL, NULL, NULL, NULL, true, 8, '2025-09-13 16:29:00.561175+00', NULL, '~', NULL,false),
    ('2025-09-13 14:21:26.363671+00', '2025-09-13 21:22:48.851212+00', 2, 2, 2, '2018-07-13', 'XAVIER AGUSTIN', 'JUMBO MORENO', 'xavierjumbom1988@gamil.com', 'SANITARY_TECHNICIAN', '2100417480', '0939458478', '1980-08-28', '2025-01-15', '2030-01-14', '2024-06-13', '2026-06-13', '2025-04-04', '2027-04-07', '2025-07-02', '2026-07-02', true, true, '20221204211147', 'Guillermo Acurio', NULL, NULL, NULL, true, 9, '2025-09-13 21:22:48.854677+00', NULL, '~', NULL,false),
    ('2025-09-13 21:53:37.464785+00', '2025-09-13 21:53:37.464811+00', 2, 2, 3, NULL, 'ADRIAN ARIEL', 'TINIZARAY OROZCO', NULL, 'SANITARY_TECHNICIAN', '2101052658', '0998933379', '2003-10-27', '2023-11-10', '2026-11-08', '2025-07-22', '2027-07-22', NULL, NULL, '2025-06-10', '2026-06-10', false, false, NULL, NULL, NULL, NULL, NULL, true, 10, '2025-09-13 21:53:37.468085+00', NULL, '+', NULL,false),
    ('2025-09-13 21:53:37.464785+00', '2025-09-13 21:53:47.772369+00', 2, 2, 3, NULL, 'ADRIAN ARIEL', 'TINIZARAY OROZCO', NULL, 'SANITARY_TECHNICIAN', '2101052658', '0998933379', '2003-10-27', '2023-11-10', '2026-11-08', '2025-07-22', '2027-07-22', NULL, NULL, '2025-06-10', '2026-06-10', true, true, NULL, NULL, NULL, NULL, NULL, true, 11, '2025-09-13 21:53:47.774719+00', NULL, '~', NULL,false),
    ('2025-09-13 21:53:37.464785+00', '2025-09-13 22:19:19.748498+00', 2, 2, 3, NULL, 'ADRIAN ARIEL', 'TINIZARAY OROZCO', NULL, 'SANITARY_TECHNICIAN', '2101052658', '0998933379', '2003-10-27', '2023-11-10', '2026-11-08', '2025-07-22', '2027-07-22', NULL, NULL, '2025-06-10', '2026-06-10', true, true, '20250625185240', 'DIEGO INGA-EDUARDO SANGOQUIZA', '2025-06-22', '2025-06-24', NULL, true, 12, '2025-09-13 22:19:19.751469+00', NULL, '~', NULL,false),
    ('2025-09-13 22:21:26.282755+00', '2025-09-13 22:21:26.282772+00', 2, 2, 4, NULL, 'EDGAR ROBINSON', 'ORDOÑEZ BASTIDAS', NULL, 'SANITARY_TECHNICIAN', '2100354485', '0991493676', '1985-07-26', NULL, NULL, NULL, NULL, NULL, NULL, NULL, NULL, false, false, NULL, NULL, NULL, NULL, NULL, true, 13, '2025-09-13 22:21:26.284976+00', NULL, '+', NULL,false),
    ('2025-09-13 22:21:26.282755+00', '2025-09-13 22:23:14.369132+00', 2, 2, 4, NULL, 'EDGAR ROBINSON', 'ORDOÑEZ BASTIDAS', NULL, 'SANITARY_TECHNICIAN', '2100354485', '0991493676', '1985-07-26', '2022-05-30', '2027-05-29', NULL, NULL, NULL, NULL, '2025-06-27', '2026-06-27', true, true, NULL, NULL, NULL, NULL, NULL, true, 14, '2025-09-13 22:23:14.371242+00', NULL, '~', NULL,false),
    ('2025-08-14 20:39:23.080953+00', '2025-09-14 13:33:31.459042+00', 2, 2, 1, '2025-04-23', 'WASHINGTON EDUARDO', 'PATIÑO MACIAS', 'eduardopatino532@gmail.com', 'SANITARY_TECHNICIAN', '1308603735', '0999391141', '1978-10-09', '2023-01-11', '2028-01-10', '2025-04-22', '2027-04-22', NULL, NULL, '2025-06-22', '2026-06-22', true, true, '202503270202451', 'Guillermo Acurio', '2025-03-25', '2025-03-27', NULL, true, 15, '2025-09-14 13:33:31.461403+00', NULL, '~', NULL,false),
    ('2025-09-13 22:21:26.282755+00', '2025-09-14 14:26:25.279363+00', 2, 2, 4, NULL, 'EDGAR ROBINSON', 'ORDOÑEZ BASTIDAS', 'edgar_leo85@hotmail.com', 'SANITARY_TECHNICIAN', '2100354485', '0991493676', '1985-07-26', '2022-05-30', '2027-05-29', NULL, NULL, NULL, NULL, '2025-06-27', '2026-06-27', true, true, NULL, NULL, NULL, NULL, NULL, true, 16, '2025-09-14 14:26:25.282194+00', NULL, '~', NULL,false),
    ('2025-09-13 22:21:26.282755+00', '2025-09-14 14:28:00.713005+00', 2, 2, 4, NULL, 'EDGAR ROBINSON', 'ORDOÑEZ BASTIDAS', 'edgar_leo85@hotmail.com', 'SANITARY_TECHNICIAN', '2100354485', '0991493676', '1985-07-26', '2022-05-30', '2027-05-29', NULL, NULL, NULL, NULL, '2025-06-27', '2026-06-27', true, true, NULL, NULL, NULL, NULL, NULL, true, 17, '2025-09-14 14:28:00.715656+00', NULL, '~', NULL,false),
    ('2025-09-13 22:21:26.282755+00', '2025-09-14 14:29:04.35527+00', 2, 2, 4, NULL, 'EDGAR ROBINSON', 'ORDOÑEZ BASTIDAS', 'edgar_leo85@hotmail.com', 'SANITARY_TECHNICIAN', '2100354485', '0991493676', '1985-07-26', '2022-05-30', '2027-05-29', '2025-06-16', '2027-06-16', NULL, NULL, '2025-06-27', '2026-06-27', true, true, NULL, NULL, NULL, NULL, NULL, true, 18, '2025-09-14 14:29:04.358147+00', NULL, '~', NULL,false),
    ('2025-09-13 21:53:37.464785+00', '2025-09-14 14:42:33.935743+00', 2, 2, 3, NULL, 'ADRIAN ARIEL', 'TINIZARAY OROZCO', 'adriantinizaray27@gmail.com', 'SANITARY_TECHNICIAN', '2101052658', '0998933379', '2003-10-27', '2023-11-10', '2026-11-08', '2025-07-22', '2027-07-22', NULL, NULL, '2025-06-10', '2026-06-10', true, true, '20250625185240', 'DIEGO INGA-EDUARDO SANGOQUIZA', '2025-06-22', '2025-06-24', NULL, true, 19, '2025-09-14 14:42:33.938081+00', NULL, '~', NULL,false),
    ('2025-09-14 15:57:34.892194+00', '2025-09-14 15:57:34.892213+00', 2, 2, 5, '2024-11-27', 'MARYURI STEFANY', 'ALVAREZ CHONGO', 'maryiss0666@gmail.com', 'SUPERVISOR', '2101074553', '0999199865', '1995-06-06', NULL, NULL, NULL, NULL, NULL, NULL, NULL, NULL, true, false, NULL, NULL, NULL, NULL, NULL, true, 20, '2025-09-14 15:57:34.894026+00', NULL, '+', NULL,false),
    ('2025-09-14 16:59:10.523699+00', '2025-09-14 16:59:10.52373+00', 2, 2, 6, NULL, 'SERGIO ALONSO', 'VERDEZOTO ILLAPA', NULL, 'MAINTENANCE_LOGISTICS', '0201302692', '0999358825', NULL, NULL, NULL, NULL, NULL, NULL, NULL, NULL, NULL, false, false, NULL, NULL, NULL, NULL, NULL, true, 21, '2025-09-14 16:59:10.526328+00', NULL, '+', NULL,false),
    ('2025-09-14 16:59:10.523699+00', '2025-09-14 16:59:20.466694+00', 2, 2, 6, NULL, 'SERGIO ALONSO', 'VERDEZOTO ILLAPA', NULL, 'MAINTENANCE_LOGISTICS', '0201302692', '0999358825', NULL, NULL, NULL, NULL, NULL, NULL, NULL, NULL, NULL, true, true, NULL, NULL, NULL, NULL, NULL, true, 22, '2025-09-14 16:59:20.469881+00', NULL, '~', NULL,false),
    ('2025-09-14 17:01:04.709812+00', '2025-09-14 17:01:04.70984+00', 2, 2, 7, NULL, 'FAUSTO EDIXON', 'PORTILLA LEITON', NULL, 'ASSISTANT', '1757630882', '0988548260', NULL, NULL, NULL, NULL, NULL, NULL, NULL, NULL, NULL, true, true, NULL, NULL, NULL, NULL, NULL, true, 23, '2025-09-14 17:01:04.712292+00', NULL, '+', NULL,false),
    ('2025-09-14 17:03:57.045825+00', '2025-09-14 17:03:57.045853+00', 2, 2, 8, NULL, 'SAUL ALEJANDRO', 'LICUY YUMBO', NULL, 'PLANT_PROJECTS', '2200531131', '0996358998', NULL, NULL, NULL, NULL, NULL, NULL, NULL, NULL, NULL, false, false, NULL, NULL, NULL, NULL, NULL, true, 24, '2025-09-14 17:03:57.048201+00', NULL, '+', NULL,false),
    ('2025-09-14 17:03:57.045825+00', '2025-09-14 17:04:04.049833+00', 2, 2, 8, NULL, 'SAUL ALEJANDRO', 'LICUY YUMBO', NULL, 'PLANT_PROJECTS', '2200531131', '0996358998', NULL, NULL, NULL, NULL, NULL, NULL, NULL, NULL, NULL, true, true, NULL, NULL, NULL, NULL, NULL, true, 25, '2025-09-14 17:04:04.051935+00', NULL, '~', NULL,false),
    ('2025-09-14 17:13:04.319845+00', '2025-09-14 17:13:04.319865+00', 2, 2, 9, NULL, 'JINSON ADRIAN', 'CEDEÑO GARCIA', NULL, 'PLANT_PROJECTS', '2101112353', '0962353261', NULL, NULL, NULL, NULL, NULL, NULL, NULL, NULL, NULL, false, false, NULL, NULL, NULL, NULL, NULL, true, 26, '2025-09-14 17:13:04.321862+00', NULL, '+', NULL,false),
    ('2025-09-14 17:13:04.319845+00', '2025-09-14 17:13:11.737669+00', 2, 2, 9, NULL, 'JINSON ADRIAN', 'CEDEÑO GARCIA', NULL, 'PLANT_PROJECTS', '2101112353', '0962353261', NULL, NULL, NULL, NULL, NULL, NULL, NULL, NULL, NULL, true, false, NULL, NULL, NULL, NULL, NULL, true, 27, '2025-09-14 17:13:11.739734+00', NULL, '~', NULL,false),
    ('2025-09-14 17:18:19.587869+00', '2025-09-14 17:18:19.587888+00', 2, 2, 10, NULL, 'NEYSER FERNEY', 'PAPA MAMALLACTA', NULL, 'ASSISTANT', '2100833736', '0969120336', NULL, NULL, NULL, NULL, NULL, NULL, NULL, NULL, NULL, true, true, NULL, NULL, NULL, NULL, NULL, true, 28, '2025-09-14 17:18:19.589864+00', NULL, '+', NULL,false),
    ('2025-09-14 17:21:49.166042+00', '2025-09-14 17:21:49.166062+00', 2, 2, 11, NULL, 'JUAN JOSE', 'UNUP YUMA', NULL, 'PLANT_PROJECTS', '2100403555', '0989017942', NULL, NULL, NULL, NULL, NULL, NULL, NULL, NULL, NULL, false, false, NULL, NULL, NULL, NULL, NULL, true, 29, '2025-09-14 17:21:49.168086+00', NULL, '+', NULL,false),
    ('2025-09-14 17:32:31.962649+00', '2025-09-14 17:32:31.962669+00', 2, 2, 12, NULL, 'JOSE LUIS', 'VERDEZOTO BARRAGAN', NULL, 'SANITARY_TECHNICIAN', '0603783713', '0961469132', NULL, NULL, NULL, NULL, NULL, NULL, NULL, NULL, NULL, true, true, NULL, NULL, NULL, NULL, NULL, true, 30, '2025-09-14 17:32:31.964453+00', NULL, '+', NULL,false),
    ('2025-09-14 19:00:24.28949+00', '2025-09-14 19:00:24.289544+00', 2, 2, 13, '2024-10-01', 'BLANCA ROMI', 'RUEDA TORRES', 'romiblanca@gmail.com', 'SUPERVISOR', '2100231964', '099168552', '1978-10-19', NULL, NULL, NULL, NULL, NULL, NULL, NULL, NULL, false, false, NULL, NULL, NULL, NULL, NULL, true, 31, '2025-09-14 19:00:24.295584+00', NULL, '+', NULL,false),
    ('2025-09-14 17:32:31.962649+00', '2025-09-14 19:01:05.061225+00', 2, 2, 12, NULL, 'JOSE LUIS', 'VERDEZOTO BARRAGAN', 'jverdezoto.soes@gmail.com', 'SANITARY_TECHNICIAN', '0603783713', '0961469132', NULL, NULL, NULL, NULL, NULL, NULL, NULL, NULL, NULL, true, true, NULL, NULL, NULL, NULL, NULL, true, 32, '2025-09-14 19:01:05.063572+00', NULL, '~', NULL,false),
    ('2025-09-14 19:04:08.696918+00', '2025-09-14 19:04:08.696935+00', 2, 2, 14, NULL, 'NIXON ARTURO', 'PONCE MACIAS', NULL, 'MAINTENANCE_LOGISTICS', '1724255169', '0939797174', '1989-04-10', NULL, NULL, NULL, NULL, NULL, NULL, NULL, NULL, false, false, NULL, NULL, NULL, NULL, NULL, true, 33, '2025-09-14 19:04:08.699213+00', NULL, '+', NULL,false),
    ('2025-09-14 19:06:04.732569+00', '2025-09-14 19:06:04.732595+00', 2, 2, 15, NULL, 'GEMA VALERIA', 'CARRANZA PEÑARRIETA', 'valeria.carranza98@gmail.com', 'ASSISTANT', '1313725218', '0967815000', '1998-10-23', NULL, NULL, NULL, NULL, NULL, NULL, NULL, NULL, false, false, NULL, NULL, NULL, NULL, NULL, true, 34, '2025-09-14 19:06:04.735313+00', NULL, '+', NULL,false),
    ('2025-09-14 19:06:04.732569+00', '2025-09-14 19:07:29.704857+00', 2, 2, 15, '2025-08-18', 'GEMA VALERIA', 'CARRANZA PEÑARRIETA', 'valeria.carranza98@gmail.com', 'SUPERVISOR', '1313725218', '0967815000', '1998-10-23', NULL, NULL, NULL, NULL, NULL, NULL, NULL, NULL, false, false, NULL, NULL, NULL, NULL, NULL, true, 35, '2025-09-14 19:07:29.706963+00', NULL, '~', NULL,false),
    ('2025-09-14 19:06:04.732569+00', '2025-09-14 19:07:52.800075+00', 2, 2, 15, '2025-08-18', 'GEMA VALERIA', 'CARRANZA PEÑARRIETA', 'valeria.carranza98@gmail.com', 'SUPERVISOR', '1313725218', '0967815000', '1998-10-23', NULL, NULL, NULL, NULL, NULL, NULL, NULL, NULL, true, false, NULL, NULL, NULL, NULL, NULL, true, 36, '2025-09-14 19:07:52.80218+00', NULL, '~', NULL,false),
    ('2025-09-15 16:12:04.338422+00', '2025-09-15 16:12:04.338451+00', 2, 2, 16, '2000-01-01', 'JUAN GABRIEL', 'VERDEZOTO BARRAGAN', 'juan.verdezoto@peisol.com.ec', 'SUPERVISOR', '0603783697', '0991389141', NULL, NULL, NULL, NULL, NULL, NULL, NULL, NULL, NULL, false, false, NULL, NULL, NULL, NULL, NULL, true, 37, '2025-09-15 16:12:04.343021+00', NULL, '+', NULL,false),
    ('2025-09-15 16:12:04.338422+00', '2025-09-15 16:12:26.542665+00', 2, 2, 16, '2000-01-01', 'JUAN GABRIEL', 'VERDEZOTO BARRAGAN', 'juan.verdezoto@peisol.com.ec', 'SUPERVISOR', '0603783697', '0991389141', NULL, NULL, NULL, NULL, NULL, NULL, NULL, NULL, NULL, true, true, NULL, NULL, NULL, NULL, NULL, true, 38, '2025-09-15 16:12:26.545024+00', NULL, '~', NULL,false),
    ('2025-09-15 16:12:04.338422+00', '2025-09-15 16:16:15.349373+00', 2, 2, 16, '2000-01-01', 'JUAN GABRIEL', 'VERDEZOTO BARRAGAN', 'juan.verdezoto@peisol.com.ec', 'SUPERVISOR', '0603783697', '0991389141', NULL, NULL, NULL, NULL, NULL, NULL, NULL, NULL, NULL, true, true, '20220605170129', 'Guillermo Acurio', NULL, NULL, NULL, true, 39, '2025-09-15 16:16:15.351946+00', NULL, '~', NULL,false),
    ('2025-09-14 19:04:08.696918+00', '2025-09-15 16:22:08.235402+00', 2, 2, 14, NULL, 'NIXON ARTURO', 'PONCE MACIAS', 'napm.barce.35@gmail.com', 'MAINTENANCE_LOGISTICS', '1724255169', '0939797174', '1989-04-10', NULL, NULL, NULL, NULL, NULL, NULL, NULL, NULL, false, false, NULL, NULL, NULL, NULL, NULL, true, 40, '2025-09-15 16:22:08.238402+00', NULL, '~', NULL,false),
    ('2025-09-14 19:04:08.696918+00', '2025-09-15 17:25:49.488072+00', 2, 2, 14, '2025-08-21', 'NIXON ARTURO', 'PONCE MACIAS', 'napm.barce.35@gmail.com', 'MAINTENANCE_LOGISTICS', '1724255169', '0939797174', '1989-04-10', NULL, NULL, NULL, NULL, NULL, NULL, NULL, NULL, true, false, NULL, NULL, NULL, NULL, NULL, true, 41, '2025-09-15 17:25:49.490676+00', NULL, '~', NULL,false),
    ('2025-09-14 19:04:08.696918+00', '2025-09-15 17:26:34.434836+00', 2, 2, 14, '2025-08-21', 'NIXON ARTURO', 'PONCE MACIAS', 'napm.barce.35@gmail.com', 'MAINTENANCE_LOGISTICS', '1724255169', '0939797174', '1989-04-10', '2023-01-13', '2028-01-12', NULL, NULL, NULL, NULL, NULL, NULL, true, false, NULL, NULL, NULL, NULL, NULL, true, 42, '2025-09-15 17:26:34.437209+00', NULL, '~', NULL,false),
    ('2025-09-14 17:01:04.709812+00', '2025-09-15 17:35:11.735856+00', 2, 2, 7, NULL, 'FAUSTO EDIXON', 'PORTILLA LEITON', 'edixonportilla93@gmail.com', 'ASSISTANT', '1757630882', '0988548260', '1993-10-30', NULL, NULL, NULL, NULL, NULL, NULL, NULL, NULL, true, true, NULL, NULL, NULL, NULL, NULL, true, 43, '2025-09-15 17:35:11.738143+00', NULL, '~', NULL,false),
    ('2025-09-14 17:01:04.709812+00', '2025-09-15 17:37:23.797039+00', 2, 2, 7, NULL, 'FAUSTO EDIXON', 'PORTILLA LEITON', 'edixonportilla93@gmail.com', 'ASSISTANT', '1757630882', '0988548260', '1993-10-30', NULL, NULL, NULL, NULL, NULL, NULL, NULL, NULL, true, true, '20250327020451', 'Guillermo Acurio', NULL, NULL, NULL, true, 44, '2025-09-15 17:37:23.799059+00', NULL, '~', NULL,false),
    ('2025-09-14 16:59:10.523699+00', '2025-09-15 19:21:18.47131+00', 2, 2, 6, NULL, 'SERGIO ALONSO', 'VERDEZOTO ILLAPA', 'sergioverdesoto4@gmail.com', 'MAINTENANCE_LOGISTICS', '0201302692', '0999358825', '1981-11-15', '2024-12-19', '2029-12-18', NULL, NULL, NULL, NULL, NULL, NULL, true, true, NULL, NULL, NULL, NULL, NULL, true, 45, '2025-09-15 19:21:18.474034+00', NULL, '~', NULL,false),
    ('2025-09-14 19:04:08.696918+00', '2025-09-15 19:45:40.638949+00', 2, 2, 14, '2025-08-21', 'NIXON ARTURO', 'PONCE MACIAS', 'napm.barce.35@gmail.com', 'MAINTENANCE_LOGISTICS', '1724255169', '0939797174', '1989-04-10', '2023-01-13', '2028-01-12', '2025-09-10', '2026-09-10', NULL, NULL, NULL, NULL, true, false, NULL, NULL, NULL, NULL, NULL, true, 46, '2025-09-15 19:45:40.641883+00', NULL, '~', NULL,false),
    ('2025-09-14 15:57:34.892194+00', '2025-09-15 20:12:28.186937+00', 2, 2, 5, '2024-11-27', 'MARYURI STEFANY', 'ALVAREZ CHONGO', 'maryiss0666@gmail.com', 'SUPERVISOR', '2101074553', '0999199865', '1995-06-06', NULL, NULL, NULL, NULL, NULL, NULL, NULL, NULL, true, false, '20230601150022', 'DIEGO INGA', NULL, NULL, NULL, true, 47, '2025-09-15 20:12:28.188968+00', NULL, '~', NULL,false),
    ('2025-09-14 15:57:34.892194+00', '2025-09-15 20:15:33.694921+00', 2, 2, 5, '2024-11-27', 'MARYURI STEFANY', 'ALVAREZ CHONGO', 'maryiss0666@gmail.com', 'SUPERVISOR', '2101074553', '0999199865', '1995-06-06', '2023-01-06', '2028-01-05', '2025-02-03', '2026-02-03', NULL, NULL, NULL, NULL, true, false, '20230601150022', 'DIEGO INGA', NULL, NULL, NULL, true, 48, '2025-09-15 20:15:33.697265+00', NULL, '~', NULL,false),
    ('2025-09-14 17:01:04.709812+00', '2025-09-15 20:23:42.626585+00', 2, 2, 7, NULL, 'FAUSTO EDIXON', 'PORTILLA LEITON', 'edixonportilla93@gmail.com', 'ASSISTANT', '1757630882', '0988548260', '1993-10-30', NULL, NULL, NULL, NULL, NULL, NULL, '2025-06-19', '2026-06-19', true, true, '20250327020451', 'Guillermo Acurio', NULL, NULL, NULL, true, 49, '2025-09-15 20:23:42.629591+00', NULL, '~', NULL,false),
    ('2025-09-14 19:06:04.732569+00', '2025-09-15 20:29:06.363054+00', 2, 2, 15, '2025-08-18', 'GEMA VALERIA', 'CARRANZA PEÑARRIETA', 'valeria.carranza98@gmail.com', 'SUPERVISOR', '1313725218', '0967815000', '1998-10-23', '2024-10-30', '2029-10-29', NULL, NULL, NULL, NULL, NULL, NULL, true, false, NULL, NULL, NULL, NULL, NULL, true, 50, '2025-09-15 20:29:06.365455+00', NULL, '~', NULL,false),
    ('2025-09-15 16:12:04.338422+00', '2025-09-15 20:52:27.479018+00', 2, 2, 16, '2000-01-01', 'JUAN GABRIEL', 'VERDEZOTO BARRAGAN', 'juan.verdezoto@peisol.com.ec', 'SUPERVISOR', '0603783697', '0991389141', NULL, '2021-03-11', '2026-03-10', NULL, NULL, NULL, NULL, NULL, NULL, true, true, '20220605170129', 'Guillermo Acurio', NULL, NULL, NULL, true, 51, '2025-09-15 20:52:27.480888+00', NULL, '~', NULL,false),
    ('2025-09-14 17:21:49.166042+00', '2025-09-15 21:36:44.567114+00', 2, 2, 11, NULL, 'JUAN JOSE', 'UNUP YUMA', 'juanunup1986@gmail.com', 'PLANT_PROJECTS', '2100403555', '0989017942', '1986-05-15', NULL, NULL, NULL, NULL, NULL, NULL, NULL, NULL, false, false, NULL, NULL, NULL, NULL, NULL, true, 52, '2025-09-15 21:36:44.569524+00', NULL, '~', NULL,false),
    ('2025-09-14 17:18:19.587869+00', '2025-09-16 14:14:33.062268+00', 2, 2, 10, NULL, 'NEYSER FERNEY', 'PAPA MAMALLACTA', NULL, 'ASSISTANT', '2100833736', '0969120336', '2003-09-10', NULL, NULL, NULL, NULL, NULL, NULL, NULL, NULL, true, true, NULL, NULL, NULL, NULL, NULL, true, 53, '2025-09-16 14:14:33.06463+00', NULL, '~', NULL,false),
    ('2025-09-14 17:18:19.587869+00', '2025-09-16 14:15:32.808263+00', 2, 2, 10, NULL, 'NEYSER FERNEY', 'PAPA MAMALLACTA', NULL, 'ASSISTANT', '2100833736', '0969120336', '2003-09-10', '2025-03-21', '2030-03-20', NULL, NULL, NULL, NULL, NULL, NULL, true, true, NULL, NULL, NULL, NULL, NULL, true, 54, '2025-09-16 14:15:32.810824+00', NULL, '~', NULL,false),
    ('2025-09-14 17:03:57.045825+00', '2025-09-16 14:18:16.417602+00', 2, 2, 8, NULL, 'SAUL ALEJANDRO', 'LICUY YUMBO', 'saullicuy4@gmail.com', 'PLANT_PROJECTS', '2200531131', '0996358998', '1994-05-10', NULL, NULL, NULL, NULL, NULL, NULL, NULL, NULL, true, true, NULL, NULL, NULL, NULL, NULL, true, 55, '2025-09-16 14:18:16.420444+00', NULL, '~', NULL,false),
    ('2025-09-14 17:03:57.045825+00', '2025-09-16 14:20:58.114269+00', 2, 2, 8, NULL, 'SAUL ALEJANDRO', 'LICUY YUMBO', 'saullicuy4@gmail.com', 'PLANT_PROJECTS', '2200531131', '0996358998', '1994-05-10', NULL, NULL, NULL, NULL, NULL, NULL, NULL, NULL, true, true, '20250327020451', 'Guillermo Acurio', NULL, NULL, NULL, true, 56, '2025-09-16 14:20:58.116018+00', NULL, '~', NULL,false),
    ('2025-09-13 22:21:26.282755+00', '2025-09-16 14:25:56.260058+00', 2, 2, 4, NULL, 'EDGAR ROBINSON', 'ORDOÑEZ BASTIDAS', 'edgar_leo85@hotmail.com', 'SANITARY_TECHNICIAN', '2100354485', '0991493676', '1985-07-26', '2022-05-30', '2027-05-29', '2025-06-16', '2027-06-16', NULL, NULL, '2025-06-27', '2026-06-27', true, true, '20250625185240', 'Guillermo Acurio', NULL, NULL, NULL, true, 57, '2025-09-16 14:25:56.262811+00', NULL, '~', NULL,false),
    ('2025-09-14 17:21:49.166042+00', '2025-09-16 15:58:58.285314+00', 2, 2, 11, NULL, 'JUAN JOSE', 'UNUP YUMA', 'juanunup1986@gmail.com', 'PLANT_PROJECTS', '2100403555', '0989017942', '1986-05-15', NULL, NULL, NULL, NULL, NULL, NULL, '2025-04-04', '2026-04-04', true, true, '20250410145249', 'Guillermo Acurio', NULL, NULL, NULL, true, 58, '2025-09-16 15:58:58.288089+00', NULL, '~', NULL,false),
    ('2025-09-14 16:59:10.523699+00', '2025-09-16 16:02:55.28384+00', 2, 2, 6, NULL, 'SERGIO ALONSO', 'VERDEZOTO ILLAPA', 'sergioverdesoto4@gmail.com', 'MAINTENANCE_LOGISTICS', '0201302692', '0999358825', '1981-11-15', '2024-12-19', '2029-12-18', NULL, NULL, NULL, NULL, NULL, NULL, true, true, '20250327020451', 'Guillermo Acurio', NULL, NULL, NULL, true, 59, '2025-09-16 16:02:55.286618+00', NULL, '~', NULL,false),
    ('2025-09-14 17:32:31.962649+00', '2025-09-16 23:11:31.642693+00', 2, 2, 12, NULL, 'JOSE LUIS', 'VERDEZOTO BARRAGAN', 'jverdezoto.soes@gmail.com', 'SANITARY_TECHNICIAN', '0603783713', '0961469132', '1987-07-20', NULL, NULL, NULL, NULL, NULL, NULL, NULL, NULL, true, true, NULL, NULL, NULL, NULL, NULL, true, 60, '2025-09-16 23:11:31.645257+00', NULL, '~', NULL,false),
    ('2025-09-14 17:32:31.962649+00', '2025-09-16 23:14:11.715275+00', 2, 2, 12, NULL, 'JOSE LUIS', 'VERDEZOTO BARRAGAN', 'jverdezoto.soes@gmail.com', 'SANITARY_TECHNICIAN', '0603783713', '0961469132', '1987-07-20', '2021-01-14', '2026-01-13', '2025-06-01', '2026-06-01', NULL, NULL, NULL, NULL, true, true, NULL, NULL, NULL, NULL, NULL, true, 61, '2025-09-16 23:14:11.717539+00', NULL, '~', NULL,false),
    ('2025-09-15 16:12:04.338422+00', '2025-09-17 01:58:57.13772+00', 2, 8, 16, '2000-01-01', 'JUAN GABRIEL', 'VERDEZOTO BARRAGAN', 'juan.verdezoto@peisol.com.ec', 'SUPERVISOR', '0603783697', '0991389141', '1988-02-20', '2021-03-11', '2026-03-10', NULL, NULL, NULL, NULL, NULL, NULL, true, true, '20220605170129', 'Guillermo Acurio', NULL, NULL, NULL, true, 62, '2025-09-17 01:58:57.139948+00', NULL, '~', NULL,false),
    ('2025-09-15 16:12:04.338422+00', '2025-09-17 01:59:49.145715+00', 2, 8, 16, '2017-06-01', 'JUAN GABRIEL', 'VERDEZOTO BARRAGAN', 'juan.verdezoto@peisol.com.ec', 'SUPERVISOR', '0603783697', '0991389141', '1988-02-20', '2021-03-11', '2026-03-10', NULL, NULL, NULL, NULL, NULL, NULL, true, true, '20220605170129', 'Guillermo Acurio', NULL, NULL, NULL, true, 63, '2025-09-17 01:59:49.147798+00', NULL, '~', NULL,false);


--
-- Historico de pass
--
INSERT INTO public.accounts_historicalpasstechnical (
    notes, created_at, updated_at, is_active, id_user_created, id_user_updated, id, bloque, fecha_caducidad, history_id, 
    history_date, history_change_reason, history_type, history_user_id, technical_id, is_deleted
) VALUES
    (NULL, '2025-08-14 20:44:50.294726+00', '2025-08-14 20:44:50.294742+00', true, 2, 2, 1, 'shaya', '2025-04-25', 1, '2025-08-14 20:44:50.297072+00', NULL, '+', NULL, 1,false),
    (NULL, '2025-08-14 20:44:50.294726+00', '2025-08-14 20:45:10.44106+00', true, 2, 2, 1, 'shaya', '2027-04-25', 2, '2025-08-14 20:45:10.443041+00', NULL, '~', NULL, 1,false),
    (NULL, '2025-08-14 20:47:12.413263+00', '2025-08-14 20:47:12.413281+00', true, 2, 2, 2, 'andes_petroleum', '2026-06-30', 3, '2025-08-14 20:47:12.4151+00', NULL, '+', NULL, 1,false),
    (NULL, '2025-08-14 20:48:46.286943+00', '2025-08-14 20:48:46.286959+00', true, 2, 2, 3, 'frontera_energy', '2026-05-02', 4, '2025-08-14 20:48:46.288309+00', NULL, '+', NULL, 1,false),
    (NULL, '2025-08-14 20:50:55.96907+00', '2025-08-14 20:50:55.969093+00', true, 2, 2, 4, 'gran_tierra', '2026-04-23', 5, '2025-08-14 20:50:55.971041+00', NULL, '+', NULL, 1,false),
    (NULL, '2025-09-13 14:56:50.909472+00', '2025-09-13 14:56:50.90949+00', true, 2, 2, 5, 'petroecuador', '2026-03-06', 6, '2025-09-13 14:56:50.912535+00', NULL, '+', NULL, 2,false),
    (NULL, '2025-09-13 15:13:35.918991+00', '2025-09-13 15:13:35.91901+00', true, 2, 2, 6, 'shaya', '2026-10-01', 7, '2025-09-13 15:13:35.920727+00', NULL, '+', NULL, 2,false),
    (NULL, '2025-09-13 15:13:58.562625+00', '2025-09-13 15:13:58.562644+00', true, 2, 2, 7, 'andes_petroleum', '2026-06-01', 8, '2025-09-13 15:13:58.56495+00', NULL, '+', NULL, 2,false),
    (NULL, '2025-09-13 15:14:26.592255+00', '2025-09-13 15:14:26.59228+00', true, 2, 2, 8, 'consorcio_shushufindi', '2027-02-14', 9, '2025-09-13 15:14:26.595266+00', NULL, '+', NULL, 2,false),
    (NULL, '2025-09-13 15:14:45.099899+00', '2025-09-13 15:14:45.099944+00', true, 2, 2, 9, 'gran_tierra', '2026-04-23', 10, '2025-09-13 15:14:45.102751+00', NULL, '+', NULL, 2,false),
    (NULL, '2025-09-13 15:15:12.682877+00', '2025-09-13 15:15:12.682901+00', true, 2, 2, 10, 'orion', '2026-08-10', 11, '2025-09-13 15:15:12.685085+00', NULL, '+', NULL, 2,false),
    (NULL, '2025-09-13 21:54:51.000669+00', '2025-09-13 21:54:51.000691+00', true, 2, 2, 11, 'gran_tierra', '2026-06-05', 12, '2025-09-13 21:54:51.003759+00', NULL, '+', NULL, 3,false),
    (NULL, '2025-09-13 21:57:42.694952+00', '2025-09-13 21:57:42.694971+00', true, 2, 2, 12, 'consorcio_shushufindi', '2025-06-24', 13, '2025-09-13 21:57:42.697144+00', NULL, '+', NULL, 3,false),
    (NULL, '2025-09-13 21:57:42.694952+00', '2025-09-13 21:57:56.706589+00', true, 2, 2, 12, 'consorcio_shushufindi', '2027-06-24', 14, '2025-09-13 21:57:56.708394+00', NULL, '~', NULL, 3,false),
    (NULL, '2025-09-13 22:17:09.337725+00', '2025-09-13 22:17:09.337741+00', true, 2, 2, 13, 'orion', '2026-06-18', 15, '2025-09-13 22:17:09.339958+00', NULL, '+', NULL, 3,false),
    (NULL, '2025-09-13 22:17:33.341251+00', '2025-09-13 22:17:33.341271+00', true, 2, 2, 14, 'pcr', '2026-07-31', 16, '2025-09-13 22:17:33.342926+00', NULL, '+', NULL, 3,false),
    (NULL, '2025-09-14 13:35:05.224498+00', '2025-09-14 13:35:05.224555+00', true, 2, 2, 15, 'pcr', '2026-08-30', 17, '2025-09-14 13:35:05.226925+00', NULL, '+', NULL, 1,false),
    (NULL, '2025-09-14 13:35:53.916133+00', '2025-09-14 13:35:53.91615+00', true, 2, 2, 16, 'gente_oil', '2026-08-19', 18, '2025-09-14 13:35:53.918127+00', NULL, '+', NULL, 1,false),
    (NULL, '2025-09-14 13:37:13.185343+00', '2025-09-14 13:37:13.185361+00', true, 2, 2, 17, 'pardalis_services', '2026-04-24', 19, '2025-09-14 13:37:13.187303+00', NULL, '+', NULL, 1,false),
    (NULL, '2025-09-14 14:29:47.218405+00', '2025-09-14 14:29:47.218429+00', true, 2, 2, 18, 'petroecuador', '2026-08-22', 20, '2025-09-14 14:29:47.22099+00', NULL, '+', NULL, 4,false),
    (NULL, '2025-09-14 14:33:09.569749+00', '2025-09-14 14:33:09.569773+00', true, 2, 2, 19, 'shaya', '2027-07-06', 21, '2025-09-14 14:33:09.572146+00', NULL, '+', NULL, 4,false),
    (NULL, '2025-09-14 14:38:06.440119+00', '2025-09-14 14:38:06.440139+00', true, 2, 2, 20, 'consorcio_shushufindi', '2027-06-24', 22, '2025-09-14 14:38:06.44242+00', NULL, '+', NULL, 4,false),
    (NULL, '2025-09-14 14:38:28.376569+00', '2025-09-14 14:38:28.376595+00', true, 2, 2, 21, 'gran_tierra', '2026-06-12', 23, '2025-09-14 14:38:28.378811+00', NULL, '+', NULL, 4,false),
    (NULL, '2025-09-14 14:41:37.267063+00', '2025-09-14 14:41:37.26708+00', true, 2, 2, 22, 'orion', '2026-06-11', 24, '2025-09-14 14:41:37.269206+00', NULL, '+', NULL, 4,false),
    (NULL, '2025-09-15 16:12:56.78298+00', '2025-09-15 16:12:56.782997+00', true, 2, 2, 23, 'consorcio_shushufindi', '2026-09-10', 25, '2025-09-15 16:12:56.786054+00', NULL, '+', NULL, 16,false),
    (NULL, '2025-09-15 16:13:18.670892+00', '2025-09-15 16:13:18.670911+00', true, 2, 2, 24, 'gran_tierra', '2026-06-05', 26, '2025-09-15 16:13:18.672975+00', NULL, '+', NULL, 16,false),
    (NULL, '2025-09-15 16:13:47.281029+00', '2025-09-15 16:13:47.281049+00', true, 2, 2, 25, 'pardalis_services', '2025-10-19', 27, '2025-09-15 16:13:47.283842+00', NULL, '+', NULL, 16,false),
    (NULL, '2025-09-15 16:15:20.318736+00', '2025-09-15 16:15:20.318765+00', true, 2, 2, 26, 'shaya', '2027-03-29', 28, '2025-09-15 16:15:20.321154+00', NULL, '+', NULL, 16,false),
    (NULL, '2025-09-15 16:18:50.497406+00', '2025-09-15 16:18:50.497425+00', true, 2, 2, 27, 'pcr', '2025-12-31', 29, '2025-09-15 16:18:50.499855+00', NULL, '+', NULL, 16,false),
    (NULL, '2025-09-15 17:27:32.36956+00', '2025-09-15 17:27:32.369578+00', true, 2, 2, 28, 'gente_oil', '2026-09-08', 30, '2025-09-15 17:27:32.371825+00', NULL, '+', NULL, 14,false),
    (NULL, '2025-09-15 17:28:05.21947+00', '2025-09-15 17:28:05.219499+00', true, 2, 2, 29, 'gran_tierra', '2026-09-03', 31, '2025-09-15 17:28:05.22223+00', NULL, '+', NULL, 14,false),
    (NULL, '2025-09-15 17:28:43.479506+00', '2025-09-15 17:28:43.479534+00', true, 2, 2, 30, 'pcr', '2026-09-30', 32, '2025-09-15 17:28:43.483111+00', NULL, '+', NULL, 14,false),
    (NULL, '2025-09-15 17:35:45.854364+00', '2025-09-15 17:35:45.854389+00', true, 2, 2, 31, 'shaya', '2027-04-25', 33, '2025-09-15 17:35:45.856705+00', NULL, '+', NULL, 7,false),
    (NULL, '2025-09-15 17:36:06.651585+00', '2025-09-15 17:36:06.651604+00', true, 2, 2, 32, 'consorcio_shushufindi', '2027-06-24', 34, '2025-09-15 17:36:06.653945+00', NULL, '+', NULL, 7,false),
    (NULL, '2025-09-15 20:15:56.775012+00', '2025-09-15 20:15:56.775031+00', true, 2, 2, 33, 'consorcio_shushufindi', '2025-06-24', 35, '2025-09-15 20:15:56.777491+00', NULL, '+', NULL, 5,false),
    (NULL, '2025-09-15 20:15:56.775012+00', '2025-09-15 20:17:07.775603+00', true, 2, 2, 33, 'consorcio_shushufindi', '2027-06-24', 36, '2025-09-15 20:17:07.778024+00', NULL, '~', NULL, 5,false),
    (NULL, '2025-09-15 20:17:27.765293+00', '2025-09-15 20:17:27.765312+00', true, 2, 2, 34, 'shaya', '2027-03-29', 37, '2025-09-15 20:17:27.767163+00', NULL, '+', NULL, 5,false),
    (NULL, '2025-09-15 20:17:50.799336+00', '2025-09-15 20:17:50.79936+00', true, 2, 2, 35, 'gran_tierra', '2026-06-19', 38, '2025-09-15 20:17:50.801875+00', NULL, '+', NULL, 5,false),
    (NULL, '2025-09-15 20:18:07.47336+00', '2025-09-15 20:18:07.47338+00', true, 2, 2, 36, 'pardalis_services', '2025-04-24', 39, '2025-09-15 20:18:07.475792+00', NULL, '+', NULL, 5,false),
    (NULL, '2025-09-15 20:18:07.47336+00', '2025-09-15 20:18:18.234045+00', true, 2, 2, 36, 'pardalis_services', '2026-04-24', 40, '2025-09-15 20:18:18.235455+00', NULL, '~', NULL, 5,false),
    (NULL, '2025-09-15 20:18:37.136619+00', '2025-09-15 20:18:37.136643+00', true, 2, 2, 37, 'pcr', '2025-12-31', 41, '2025-09-15 20:18:37.139125+00', NULL, '+', NULL, 5,false),
    (NULL, '2025-09-15 20:52:57.997627+00', '2025-09-15 20:52:57.99765+00', true, 2, 2, 38, 'petroecuador', '2025-10-30', 42, '2025-09-15 20:52:58.000408+00', NULL, '+', NULL, 16,false),
    (NULL, '2025-09-15 21:37:02.689521+00', '2025-09-15 21:37:02.689544+00', true, 2, 2, 39, 'consorcio_shushufindi', '2024-02-06', 43, '2025-09-15 21:37:02.691878+00', NULL, '+', NULL, 11,false),
    (NULL, '2025-09-15 21:37:02.689521+00', '2025-09-15 21:37:16.751553+00', true, 2, 2, 39, 'consorcio_shushufindi', '2026-02-06', 44, '2025-09-15 21:37:16.753261+00', NULL, '~', NULL, 11,false),
    (NULL, '2025-09-15 21:38:10.372139+00', '2025-09-15 21:38:10.372164+00', true, 2, 2, 40, 'petroecuador', '2026-04-07', 45, '2025-09-15 21:38:10.374203+00', NULL, '+', NULL, 11,false),
    (NULL, '2025-09-15 21:38:37.335921+00', '2025-09-15 21:38:37.335945+00', true, 2, 2, 41, 'gran_tierra', '2026-04-25', 46, '2025-09-15 21:38:37.338074+00', NULL, '+', NULL, 11,false),
    (NULL, '2025-09-16 14:16:24.307766+00', '2025-09-16 14:16:24.307843+00', true, 2, 2, 42, 'pcr', '2025-09-30', 47, '2025-09-16 14:16:24.31029+00', NULL, '+', NULL, 10,false),
    (NULL, '2025-09-16 14:20:01.204468+00', '2025-09-16 14:20:01.204495+00', true, 2, 2, 43, 'gran_tierra', '2026-03-14', 48, '2025-09-16 14:20:01.208391+00', NULL, '+', NULL, 8,false),
    (NULL, '2025-09-16 14:20:25.444053+00', '2025-09-16 14:20:25.444076+00', true, 2, 2, 44, 'shaya', '2027-04-25', 49, '2025-09-16 14:20:25.446138+00', NULL, '+', NULL, 8,false),
    (NULL, '2025-09-16 14:21:14.018545+00', '2025-09-16 14:21:14.018569+00', true, 2, 2, 45, 'pcr', '2025-12-31', 50, '2025-09-16 14:21:14.020485+00', NULL, '+', NULL, 8,false),
    (NULL, '2025-09-16 14:21:38.786888+00', '2025-09-16 14:21:38.786911+00', true, 2, 2, 46, 'enap_sipec', '2025-09-30', 51, '2025-09-16 14:21:38.78926+00', NULL, '+', NULL, 8,false),
    (NULL, '2025-09-16 15:59:18.002606+00', '2025-09-16 15:59:18.00263+00', true, 2, 2, 47, 'shaya', '2027-04-12', 52, '2025-09-16 15:59:18.005385+00', NULL, '+', NULL, 11,false),
    (NULL, '2025-09-16 16:01:14.20995+00', '2025-09-16 16:01:14.209971+00', true, 2, 2, 48, 'gente_oil', '2026-08-19', 53, '2025-09-16 16:01:14.212651+00', NULL, '+', NULL, 6,false),
    (NULL, '2025-09-16 16:01:57.963621+00', '2025-09-16 16:01:57.963641+00', true, 2, 2, 49, 'pardalis_services', '2026-04-24', 54, '2025-09-16 16:01:57.966313+00', NULL, '+', NULL, 6,false),
    (NULL, '2025-09-16 16:02:18.445465+00', '2025-09-16 16:02:18.445488+00', true, 2, 2, 50, 'shaya', '2027-04-25', 55, '2025-09-16 16:02:18.447723+00', NULL, '+', NULL, 6,false),
    (NULL, '2025-09-16 23:12:08.554396+00', '2025-09-16 23:12:08.554421+00', true, 2, 2, 51, 'petroecuador', '2025-10-22', 56, '2025-09-16 23:12:08.556683+00', NULL, '+', NULL, 12,false);


-- 
-- vehivulos
--
INSERT INTO public.equipment_vehicle (
    notes, created_at, updated_at, is_active, id_user_created, id_user_updated, id, brand, model, type_vehicle, year, no_plate,
     status_vehicle, chasis, color, owner_transport, due_date_matricula, due_date_cert_oper, date_matricula, date_mtop, 
     date_technical_review, nro_poliza, insurance_company, insurance_expiration_date, insurance_issue_date, duedate_satellite, serial_number,
      engine_number, chassis_number, is_deleted
) VALUES
    (NULL, '2025-09-14 21:51:21.339202+00', '2025-09-14 21:51:21.339223+00', true, 2, 2, 2, 'FOTON', 'AUMARCK S BJ1088 AC 3.8 2P 4X2 TM', 'VACUUM', 2024, 'PFH9402', 'DISPONIBLE', NULL, 'BLANCO', 'PEISOL', NULL, NULL, NULL, NULL, NULL, NULL, NULL, NULL, NULL, NULL, NULL, 'ISF38S315477253473', 'LVBV4JBB3PY004430',false),
    (NULL, '2025-09-15 13:42:38.388133+00', '2025-09-15 13:42:38.388156+00', true, 2, 2, 3, 'JAC', 'HFC1050KN AC 3.9 2P 4X2 TM DIESEL', 'VACUUM', 2024, 'PFG4661', 'DISPONIBLE', NULL, 'BLANCO', 'PEISOL', NULL, NULL, NULL, NULL, NULL, NULL, NULL, NULL, NULL, NULL, NULL, '93156131', 'LJ11KEBD9R1900443',false),
    (NULL, '2025-09-15 14:01:48.031126+00', '2025-09-15 14:01:48.031153+00', true, 2, 2, 4, 'FOTON', 'CN AUMARK S BJ1088 AC 3.8 2P 4X2 TM', 'VACUUM', 2025, 'PAE-2445', 'DISPONIBLE', NULL, 'BLANCO', 'PEISOL', NULL, NULL, NULL, NULL, NULL, NULL, NULL, NULL, NULL, NULL, NULL, 'ISF38s315477357932', 'LVBV4JBB6SY002471',false),
    (NULL, '2025-09-15 14:10:13.580045+00', '2025-09-15 14:10:13.5801+00', true, 2, 2, 5, 'JAC', 'HFC1040KNAC 2.7 2P 4X2', 'PLATAFORMA', 2023, 'PDY2369', 'DISPONIBLE', NULL, 'BLANCO', 'PEISOL', NULL, NULL, NULL, NULL, NULL, NULL, NULL, NULL, NULL, NULL, NULL, 'N4401674', 'LJ11KDBD3P1102673',false),
    (NULL, '2025-09-15 14:14:56.574135+00', '2025-09-15 14:14:56.574154+00', true, 2, 2, 6, 'JAC', 'HFC1037D5K2TST INTER AC 2.0 CD 4X4', 'CAMIONETA', 2025, 'PFK-8528', 'DISPONIBLE', NULL, 'PLOMO', 'PEISOL', NULL, NULL, NULL, NULL, NULL, NULL, NULL, NULL, NULL, NULL, NULL, 'R4126502', 'LJ11PABE5SC018232',false),
    (NULL, '2025-08-15 13:39:09.044278+00', '2025-09-16 17:19:06.803969+00', true, 2, 2, 1, 'JAC', 'HFC1040KNAC 2.7 2P 4X2', 'VACUUM', 2023, 'PDY7429', 'DISPONIBLE', NULL, 'BLANCO', 'PEISOL', NULL, NULL, NULL, NULL, NULL, NULL, NULL, NULL, NULL, NULL, NULL, 'N4403454', 'LJ11KDBD8P1301511',false),
    (NULL, '2025-09-16 00:29:41.413728+00', '2025-09-17 14:16:41.839656+00', true, 8, 7, 7, 'FOTON', 'TUNLAND V7 AC 2.0 CD 4X4 TM HYBRID', 'CAMIONETA', 2026, 'PFB-9409', 'DISPONIBLE', NULL, 'PLOMO', 'PEISOL', NULL, NULL, NULL, NULL, NULL, NULL, NULL, NULL, NULL, NULL, NULL, '4F20TC22S002780', 'LVAV2MAB2TU308041',false);


-- 
-- resource item
--
INSERT INTO public.equipment_resourceitem (
    notes, created_at, updated_at, is_active, id_user_created, id_user_updated, id, name, code, type_equipment, brand, model, serial_number,
     date_purchase, height, width, depth, weight, capacity_gallons, plant_capacity, have_foot_pumps, have_paper_dispenser, have_soap_dispenser,
      have_napkin_dispenser, have_paper_towels, have_urinals, have_seat, have_toilet_pump, have_sink_pump, have_toilet_lid, have_bathroom_bases,
       have_ventilation_pipe, have_blower_brand, have_belt_brand, have_blower_pulley, have_motor_pulley, have_electrical_panel, have_motor_guard,
        have_relay_engine, have_relay_blower, have_uv_filter, have_pump_filter, have_pump_dosing, have_pump_pressure, have_engine, have_engine_guard,
         have_hidroneumatic_tank, have_sand_carbon_filter, relay_engine, relay_blower, blower_brand, blower_model, engine_fases, engine_brand, engine_model,
          belt_brand, belt_model, belt_type, blower_pulley_brand, blower_pulley_model, motor_pulley_brand, motor_pulley_model, electrical_panel_brand, 
          electrical_panel_model, engine_guard_brand, engine_guard_model, pump_filter, pump_pressure, pump_dosing, sand_carbon_filter, hidroneumatic_tank, 
          uv_filter, stst_repair_reason, stst_status_equipment, stst_status_disponibility, stst_current_location, stst_current_project_id, stst_commitment_date,
           stst_release_date, is_deleted
) VALUES
    (NULL, '2025-08-14 17:05:23.188225+00', '2025-08-14 20:02:11.380826+00', true, 3, 1, 1, 'Batería Sanitaria', 'PSLBT-100', 'BTSNMJ', NULL, 'N/A', NULL, NULL, NULL, NULL, NULL, NULL, 60.00, NULL, false, true, true, true, false, false, true, true, false, true, true, true, false, false, false, false, false, false, false, false, false, false, false, false, false, false, false, false, NULL, NULL, NULL, NULL, NULL, NULL, NULL, NULL, NULL, NULL, NULL, NULL, NULL, NULL, NULL, NULL, NULL, NULL, NULL, NULL, NULL, NULL, NULL, NULL, 'BOMBA DE LAVAMANOS DAÑADA', 'FUNCIONANDO', 'DISPONIBLE', 'BASE PEISOL', NULL, NULL, NULL,false);


